{
  "name": "tap-mini-app",
  "version": "0.1.0",
  "private": true,
  "dependencies": {
    "@emotion/react": "^11.11.3",
    "@emotion/styled": "^11.11.0",
    "@mui/icons-material": "^5.15.7",
    "@mui/material": "^5.15.4",
    "@testing-library/jest-dom": "^5.17.0",
    "@testing-library/react": "^13.4.0",
    "@testing-library/user-event": "^13.5.0",
    "antd": "^5.14.0",
    "axios": "^1.6.7",
    "firebase": "^10.7.1",
    "react": "^18.2.0",
    "react-dom": "^18.2.0",
    "react-dotenv": "^0.1.3",
    "react-scripts": "5.0.1",
    "telegraf": "^4.15.3",
    "web-vitals": "^2.1.4"
  },
  "scripts": {
    "start": "react-scripts start",
    "build": "react-scripts build",
    "test": "react-scripts test",
    "eject": "react-scripts eject",
    "predeploy": "npm run build",
    "deploy": "gh-pages -d build"
  },
  "eslintConfig": {
    "extends": [
      "react-app",
      "react-app/jest"
    ]
  },
  "browserslist": {
    "production": [
      ">0.2%",
      "not dead",
      "not op_mini all"
    ],
    "development": [
      "last 1 chrome version",
      "last 1 firefox version",
      "last 1 safari version"
    ]
  },
  "devDependencies": {
    "gh-pages": "^6.1.1"
  }
}
