{
  "name": "server",
  "version": "1.0.0",
  "description": "",
  "main": "index.js",
  "scripts": {
    "start": "node index.js",
    "dev": "nodemon server.js"
  },
  "author": "",
  "license": "ISC",
  "dependencies": {
    "@metaplex-foundation/js": "^0.20.1",
    "@metaplex-foundation/mpl-token-metadata": "^3.2.0",
    "@solana/spl-token": "^0.4.0",
    "@solana/web3.js": "^1.89.1",
    "axios": "^1.6.7",
    "cors": "^2.8.5",
    "dotenv": "^16.4.1",
    "express": "^4.18.2",
    "firebase-admin": "^12.0.0",
    "http-proxy-middleware": "^3.0.0",
    "nodemon": "^3.0.3",
    "telegraf": "^4.15.3",
    "web3": "^4.4.0"
  }
}
